<Customization level="2" description="KChannelAdvisor Customization package version 1.0.18.12" product-version="18.203">
    <File AppRelativePath="Bin\KChannelAdvisor.dll" />
    <File AppRelativePath="Pages\KC\KC201000.aspx" />
    <File AppRelativePath="Pages\KC\KC201000.aspx.cs" />
    <File AppRelativePath="Pages\KC\KC202000.aspx" />
    <File AppRelativePath="Pages\KC\KC202000.aspx.cs" />
    <File AppRelativePath="Pages\KC\KC501000.aspx" />
    <File AppRelativePath="Pages\KC\KC501000.aspx.cs" />
    <Table TableName="InventoryItem">
        <Column TableName="InventoryItem" ColumnName="CAID" ColumnType="int" AllowNull="True" DecimalPrecision="0" DecimalLength="0" IsNewColumn="True" IsUnicode="True" />
        <Column TableName="InventoryItem" ColumnName="CASyncDate" ColumnType="date" AllowNull="True" DecimalPrecision="0" DecimalLength="0" IsNewColumn="True" IsUnicode="True" />
        <Column TableName="InventoryItem" ColumnName="CAParentID" ColumnType="string" AllowNull="True" MaxLength="100" DecimalPrecision="0" DecimalLength="0" IsNewColumn="True" IsUnicode="True" />
    </Table>
    <SiteMapNode>
        <data-set>
            <relations format-version="3" relations-version="20160101" main-table="SiteMap">
                <link from="MUIScreen (NodeID)" to="SiteMap (NodeID)" />
                <link from="MUIWorkspace (WorkspaceID)" to="MUIScreen (WorkspaceID)" type="FromMaster" linkname="workspaceToScreen" split-location="yes" updateable="True" />
                <link from="MUISubcategory (SubcategoryID)" to="MUIScreen (SubcategoryID)" type="FromMaster" updateable="True" />
                <link from="MUITile (ScreenID)" to="SiteMap (ScreenID)" />
                <link from="MUIWorkspace (WorkspaceID)" to="MUITile (WorkspaceID)" type="FromMaster" linkname="workspaceToTile" split-location="yes" updateable="True" />
                <link from="MUIArea (AreaID)" to="MUIWorkspace (AreaID)" type="FromMaster" updateable="True" />
                <link from="MUIPinnedScreen (NodeID, WorkspaceID)" to="MUIScreen (NodeID, WorkspaceID)" type="WeakIfEmpty" isEmpty="Username" />
                <link from="MUIFavoriteWorkspace (WorkspaceID)" to="MUIWorkspace (WorkspaceID)" type="WeakIfEmpty" isEmpty="Username" />
            </relations>
            <layout>
                <table name="SiteMap">
                    <table name="MUIScreen" uplink="(NodeID) = (NodeID)">
                        <table name="MUIPinnedScreen" uplink="(NodeID, WorkspaceID) = (NodeID, WorkspaceID)" />
                    </table>
                    <table name="MUITile" uplink="(ScreenID) = (ScreenID)" />
                </table>
                <table name="MUIWorkspace">
                    <table name="MUIFavoriteWorkspace" uplink="(WorkspaceID) = (WorkspaceID)" />
                </table>
                <table name="MUISubcategory" />
                <table name="MUIArea" />
            </layout>
            <data>
                <SiteMap>
                    <row Position="1" Title="Work Area" Description="main@DataEntryF" Expanded="1" IsFolder="0" NodeID="147e4cc3-5c7e-4ba0-9631-0997f2b34637" ParentID="f2b35830-1056-4ada-8075-aed070ecdcc0" />
                </SiteMap>
            </data>
        </data-set>
    </SiteMapNode>
    <SiteMapNode>
        <data-set>
            <relations format-version="3" relations-version="20160101" main-table="SiteMap">
                <link from="MUIScreen (NodeID)" to="SiteMap (NodeID)" />
                <link from="MUIWorkspace (WorkspaceID)" to="MUIScreen (WorkspaceID)" type="FromMaster" linkname="workspaceToScreen" split-location="yes" updateable="True" />
                <link from="MUISubcategory (SubcategoryID)" to="MUIScreen (SubcategoryID)" type="FromMaster" updateable="True" />
                <link from="MUITile (ScreenID)" to="SiteMap (ScreenID)" />
                <link from="MUIWorkspace (WorkspaceID)" to="MUITile (WorkspaceID)" type="FromMaster" linkname="workspaceToTile" split-location="yes" updateable="True" />
                <link from="MUIArea (AreaID)" to="MUIWorkspace (AreaID)" type="FromMaster" updateable="True" />
                <link from="MUIPinnedScreen (NodeID, WorkspaceID)" to="MUIScreen (NodeID, WorkspaceID)" type="WeakIfEmpty" isEmpty="Username" />
                <link from="MUIFavoriteWorkspace (WorkspaceID)" to="MUIWorkspace (WorkspaceID)" type="WeakIfEmpty" isEmpty="Username" />
            </relations>
            <layout>
                <table name="SiteMap">
                    <table name="MUIScreen" uplink="(NodeID) = (NodeID)">
                        <table name="MUIPinnedScreen" uplink="(NodeID, WorkspaceID) = (NodeID, WorkspaceID)" />
                    </table>
                    <table name="MUITile" uplink="(ScreenID) = (ScreenID)" />
                </table>
                <table name="MUIWorkspace">
                    <table name="MUIFavoriteWorkspace" uplink="(WorkspaceID) = (WorkspaceID)" />
                </table>
                <table name="MUISubcategory" />
                <table name="MUIArea" />
            </layout>
            <data>
                <SiteMap>
                    <row Position="1" Title="Data Exchange" Url="~/Pages/KC/KC501000.aspx" Expanded="0" IsFolder="0" ScreenID="KC501000" NodeID="9c000b36-e493-4fdf-876a-249f64dbf4df" ParentID="cbe00351-1e50-4ed9-936f-1afaa36fe079" />
                </SiteMap>
            </data>
        </data-set>
    </SiteMapNode>
    <SiteMapNode>
        <data-set>
            <relations format-version="3" relations-version="20160101" main-table="SiteMap">
                <link from="MUIScreen (NodeID)" to="SiteMap (NodeID)" />
                <link from="MUIWorkspace (WorkspaceID)" to="MUIScreen (WorkspaceID)" type="FromMaster" linkname="workspaceToScreen" split-location="yes" updateable="True" />
                <link from="MUISubcategory (SubcategoryID)" to="MUIScreen (SubcategoryID)" type="FromMaster" updateable="True" />
                <link from="MUITile (ScreenID)" to="SiteMap (ScreenID)" />
                <link from="MUIWorkspace (WorkspaceID)" to="MUITile (WorkspaceID)" type="FromMaster" linkname="workspaceToTile" split-location="yes" updateable="True" />
                <link from="MUIArea (AreaID)" to="MUIWorkspace (AreaID)" type="FromMaster" updateable="True" />
                <link from="MUIPinnedScreen (NodeID, WorkspaceID)" to="MUIScreen (NodeID, WorkspaceID)" type="WeakIfEmpty" isEmpty="Username" />
                <link from="MUIFavoriteWorkspace (WorkspaceID)" to="MUIWorkspace (WorkspaceID)" type="WeakIfEmpty" isEmpty="Username" />
            </relations>
            <layout>
                <table name="SiteMap">
                    <table name="MUIScreen" uplink="(NodeID) = (NodeID)">
                        <table name="MUIPinnedScreen" uplink="(NodeID, WorkspaceID) = (NodeID, WorkspaceID)" />
                    </table>
                    <table name="MUITile" uplink="(ScreenID) = (ScreenID)" />
                </table>
                <table name="MUIWorkspace">
                    <table name="MUIFavoriteWorkspace" uplink="(WorkspaceID) = (WorkspaceID)" />
                </table>
                <table name="MUISubcategory" />
                <table name="MUIArea" />
            </layout>
            <data>
                <SiteMap>
                    <row Position="19972" Title="Process" Expanded="1" IsFolder="0" NodeID="cbe00351-1e50-4ed9-936f-1afaa36fe079" ParentID="147e4cc3-5c7e-4ba0-9631-0997f2b34637" />
                </SiteMap>
            </data>
        </data-set>
    </SiteMapNode>
    <SiteMapNode>
        <data-set>
            <relations format-version="3" relations-version="20160101" main-table="SiteMap">
                <link from="MUIScreen (NodeID)" to="SiteMap (NodeID)" />
                <link from="MUIWorkspace (WorkspaceID)" to="MUIScreen (WorkspaceID)" type="FromMaster" linkname="workspaceToScreen" split-location="yes" updateable="True" />
                <link from="MUISubcategory (SubcategoryID)" to="MUIScreen (SubcategoryID)" type="FromMaster" updateable="True" />
                <link from="MUITile (ScreenID)" to="SiteMap (ScreenID)" />
                <link from="MUIWorkspace (WorkspaceID)" to="MUITile (WorkspaceID)" type="FromMaster" linkname="workspaceToTile" split-location="yes" updateable="True" />
                <link from="MUIArea (AreaID)" to="MUIWorkspace (AreaID)" type="FromMaster" updateable="True" />
                <link from="MUIPinnedScreen (NodeID, WorkspaceID)" to="MUIScreen (NodeID, WorkspaceID)" type="WeakIfEmpty" isEmpty="Username" />
                <link from="MUIFavoriteWorkspace (WorkspaceID)" to="MUIWorkspace (WorkspaceID)" type="WeakIfEmpty" isEmpty="Username" />
            </relations>
            <layout>
                <table name="SiteMap">
                    <table name="MUIScreen" uplink="(NodeID) = (NodeID)">
                        <table name="MUIPinnedScreen" uplink="(NodeID, WorkspaceID) = (NodeID, WorkspaceID)" />
                    </table>
                    <table name="MUITile" uplink="(ScreenID) = (ScreenID)" />
                </table>
                <table name="MUIWorkspace">
                    <table name="MUIFavoriteWorkspace" uplink="(WorkspaceID) = (WorkspaceID)" />
                </table>
                <table name="MUISubcategory" />
                <table name="MUIArea" />
            </layout>
            <data>
                <SiteMap>
                    <row Position="20997" Title="Site Master" Url="~/Pages/KC/KC201000.aspx" Expanded="0" IsFolder="0" ScreenID="KC201000" NodeID="cec6ffd0-d0de-4598-b501-6cc6c4f30e87" ParentID="fa504c57-13cc-48b1-84da-acb7aad0a4ed" />
                </SiteMap>
            </data>
        </data-set>
    </SiteMapNode>
    <SiteMapNode>
        <data-set>
            <relations format-version="3" relations-version="20160101" main-table="SiteMap">
                <link from="MUIScreen (NodeID)" to="SiteMap (NodeID)" />
                <link from="MUIWorkspace (WorkspaceID)" to="MUIScreen (WorkspaceID)" type="FromMaster" linkname="workspaceToScreen" split-location="yes" updateable="True" />
                <link from="MUISubcategory (SubcategoryID)" to="MUIScreen (SubcategoryID)" type="FromMaster" updateable="True" />
                <link from="MUITile (ScreenID)" to="SiteMap (ScreenID)" />
                <link from="MUIWorkspace (WorkspaceID)" to="MUITile (WorkspaceID)" type="FromMaster" linkname="workspaceToTile" split-location="yes" updateable="True" />
                <link from="MUIArea (AreaID)" to="MUIWorkspace (AreaID)" type="FromMaster" updateable="True" />
                <link from="MUIPinnedScreen (NodeID, WorkspaceID)" to="MUIScreen (NodeID, WorkspaceID)" type="WeakIfEmpty" isEmpty="Username" />
                <link from="MUIFavoriteWorkspace (WorkspaceID)" to="MUIWorkspace (WorkspaceID)" type="WeakIfEmpty" isEmpty="Username" />
            </relations>
            <layout>
                <table name="SiteMap">
                    <table name="MUIScreen" uplink="(NodeID) = (NodeID)">
                        <table name="MUIPinnedScreen" uplink="(NodeID, WorkspaceID) = (NodeID, WorkspaceID)" />
                    </table>
                    <table name="MUITile" uplink="(ScreenID) = (ScreenID)" />
                </table>
                <table name="MUIWorkspace">
                    <table name="MUIFavoriteWorkspace" uplink="(WorkspaceID) = (WorkspaceID)" />
                </table>
                <table name="MUISubcategory" />
                <table name="MUIArea" />
            </layout>
            <data>
                <SiteMap>
                    <row Position="540" Title="Channel Advisor" Url="~/Frames/Default.aspx" Expanded="0" IsFolder="0" ScreenID="KC000000" NodeID="f2b35830-1056-4ada-8075-aed070ecdcc0" ParentID="91d578ba-75b6-4fa9-a532-9457a6383a62" />
                </SiteMap>
            </data>
        </data-set>
    </SiteMapNode>
    <SiteMapNode>
        <data-set>
            <relations format-version="3" relations-version="20160101" main-table="SiteMap">
                <link from="MUIScreen (NodeID)" to="SiteMap (NodeID)" />
                <link from="MUIWorkspace (WorkspaceID)" to="MUIScreen (WorkspaceID)" type="FromMaster" linkname="workspaceToScreen" split-location="yes" updateable="True" />
                <link from="MUISubcategory (SubcategoryID)" to="MUIScreen (SubcategoryID)" type="FromMaster" updateable="True" />
                <link from="MUITile (ScreenID)" to="SiteMap (ScreenID)" />
                <link from="MUIWorkspace (WorkspaceID)" to="MUITile (WorkspaceID)" type="FromMaster" linkname="workspaceToTile" split-location="yes" updateable="True" />
                <link from="MUIArea (AreaID)" to="MUIWorkspace (AreaID)" type="FromMaster" updateable="True" />
                <link from="MUIPinnedScreen (NodeID, WorkspaceID)" to="MUIScreen (NodeID, WorkspaceID)" type="WeakIfEmpty" isEmpty="Username" />
                <link from="MUIFavoriteWorkspace (WorkspaceID)" to="MUIWorkspace (WorkspaceID)" type="WeakIfEmpty" isEmpty="Username" />
            </relations>
            <layout>
                <table name="SiteMap">
                    <table name="MUIScreen" uplink="(NodeID) = (NodeID)">
                        <table name="MUIPinnedScreen" uplink="(NodeID, WorkspaceID) = (NodeID, WorkspaceID)" />
                    </table>
                    <table name="MUITile" uplink="(ScreenID) = (ScreenID)" />
                </table>
                <table name="MUIWorkspace">
                    <table name="MUIFavoriteWorkspace" uplink="(WorkspaceID) = (WorkspaceID)" />
                </table>
                <table name="MUISubcategory" />
                <table name="MUIArea" />
            </layout>
            <data>
                <SiteMap>
                    <row Position="19974" Title="Configure" Expanded="1" IsFolder="0" NodeID="fa504c57-13cc-48b1-84da-acb7aad0a4ed" ParentID="147e4cc3-5c7e-4ba0-9631-0997f2b34637" />
                </SiteMap>
            </data>
        </data-set>
    </SiteMapNode>
    <Sql TableName="KCSiteAccess" TableSchemaXml="#CDATA">
        <CDATA name="TableSchemaXml"><![CDATA[<table name="KCSiteAccess">
  <col name="CompanyID" type="Int" default="Zero" />
  <col name="SiteMasterCD" type="NVarChar(30)" />
  <col name="AccountId" type="Int" />
  <col name="ProfileId" type="Int" />
  <col name="DevKey" type="NVarChar(200)" nullable="true" />
  <col name="DevPassword" type="NVarChar(1000)" nullable="true" />
  <col name="DevConfirmPassword" type="NVarChar(1000)" nullable="true" />
  <col name="Mode" type="Int" nullable="true" />
  <col name="FTPHostname" type="NVarChar(150)" nullable="true" />
  <col name="FTPUsername" type="NVarChar(50)" nullable="true" />
  <col name="FTPPassword" type="NVarChar(1000)" nullable="true" />
  <col name="FTPConfirmPassword" type="NVarChar(1000)" nullable="true" />
  <col name="FTPInputDirectory" type="NVarChar(50)" nullable="true" />
  <col name="RefreshToken" type="NVarChar(500)" nullable="true" />
  <col name="ApplicationId" type="NVarChar(250)" nullable="true" />
  <col name="SharedSecret" type="NVarChar(250)" nullable="true" />
  <col name="FTPBatchMode" type="Bit" nullable="true" />
  <col name="CreatedByID" type="UniqueIdentifier" />
  <col name="CreatedByScreenID" type="Char(8)" />
  <col name="CreatedDateTime" type="DateTime" />
  <col name="LastModifiedByID" type="UniqueIdentifier" />
  <col name="LastModifiedByScreenID" type="Char(8)" />
  <col name="LastModifiedDateTime" type="DateTime" />
  <col name="tstamp" type="Timestamp" />
  <index name="KCSiteAccess_FK" clustered="true" primary="true" unique="true">
    <col name="CompanyID" />
    <col name="SiteMasterCD" />
  </index>
</table>]]></CDATA>
    </Sql>
    <Sql TableName="KCSiteAssociation" TableSchemaXml="#CDATA">
        <CDATA name="TableSchemaXml"><![CDATA[<table name="KCSiteAssociation">
  <col name="CompanyID" type="Int" default="Zero" />
  <col name="PreferenceId" type="Int" identity="true" />
  <col name="SiteMasterId" type="NVarChar(30)" nullable="true" />
  <col name="IsCompanyLink" type="Bit" nullable="true" />
  <col name="IsBranchLink" type="Bit" nullable="true" />
  <col name="CreatedByID" type="UniqueIdentifier" />
  <col name="CreatedByScreenID" type="Char(8)" />
  <col name="CreatedDateTime" type="DateTime" />
  <col name="LastModifiedByID" type="UniqueIdentifier" />
  <col name="LastModifiedByScreenID" type="Char(8)" />
  <col name="LastModifiedDateTime" type="DateTime" />
  <col name="tstamp" type="Timestamp" />
  <index name="PK_KCSiteAssociation" clustered="true" primary="true" unique="true">
    <col name="CompanyID" />
    <col name="PreferenceId" />
  </index>
</table>]]></CDATA>
    </Sql>
    <Sql TableName="KCSiteAssociationBranch" TableSchemaXml="#CDATA">
        <CDATA name="TableSchemaXml"><![CDATA[<table name="KCSiteAssociationBranch">
  <col name="CompanyID" type="Int" default="Zero" />
  <col name="BranchId" type="Int" />
  <col name="PreferenceId" type="Int" />
  <col name="SiteMasterId" type="NVarChar(30)" />
  <col name="Integrated" type="Bit" nullable="true" />
  <col name="CreatedByID" type="UniqueIdentifier" />
  <col name="CreatedByScreenID" type="Char(8)" />
  <col name="CreatedDateTime" type="DateTime" />
  <col name="LastModifiedByID" type="UniqueIdentifier" />
  <col name="LastModifiedByScreenID" type="Char(8)" />
  <col name="LastModifiedDateTime" type="DateTime" />
  <col name="tstamp" type="Timestamp" />
  <index name="PK_KCSiteAssociationBranch" clustered="true" primary="true" unique="true">
    <col name="CompanyID" />
    <col name="BranchId" />
    <col name="PreferenceId" />
  </index>
</table>]]></CDATA>
    </Sql>
    <Sql TableName="KCSiteMaster" TableSchemaXml="#CDATA">
        <CDATA name="TableSchemaXml"><![CDATA[<table name="KCSiteMaster">
  <col name="CompanyID" type="Int" default="Zero" />
  <col name="SiteMasterCD" type="NVarChar(30)" />
  <col name="AccountId" type="NVarChar(50)" />
  <col name="Descr" type="NVarChar(255)" nullable="true" />
  <col name="CreatedByID" type="UniqueIdentifier" />
  <col name="CreatedByScreenID" type="Char(8)" />
  <col name="CreatedDateTime" type="DateTime" />
  <col name="LastModifiedByID" type="UniqueIdentifier" />
  <col name="LastModifiedByScreenID" type="Char(8)" />
  <col name="LastModifiedDateTime" type="DateTime" />
  <col name="tstamp" type="Timestamp" />
  <col name="ProfileId" type="Int" />
  <col name="DevKey" type="NVarChar(200)" />
  <col name="DevPassword" type="NVarChar(1000)" />
  <col name="DevConfirmPassword" type="NVarChar(1000)" />
  <col name="RefreshToken" type="NVarChar(500)" />
  <col name="ApplicationId" type="NVarChar(250)" />
  <col name="SharedSecret" type="NVarChar(250)" />
  <col name="Mode" type="Int" />
  <col name="FTPBatchMode" type="Bit" nullable="true" />
  <col name="FTPHostname" type="NVarChar(150)" nullable="true" />
  <col name="FTPUsername" type="NVarChar(50)" nullable="true" />
  <col name="FTPPassword" type="NVarChar(1000)" nullable="true" />
  <col name="FTPConfirmPassword" type="NVarChar(1000)" nullable="true" />
  <col name="FTPInputDirectory" type="NVarChar(50)" nullable="true" />
  <index name="PK_KCSiteMaster" clustered="true" primary="true" unique="true">
    <col name="CompanyID" />
    <col name="SiteMasterCD" />
    <col name="AccountId" />
  </index>
</table>]]></CDATA>
    </Sql>
</Customization>