<GenericInquiryScreen>
	<data-set>
		<relations format-version="3" relations-version="20181219" main-table="GIDesign">
			<link from="GIFilter (DesignID)" to="GIDesign (DesignID)" />
			<link from="GIGroupBy (DesignID)" to="GIDesign (DesignID)" />
			<link from="GIMassAction (DesignID)" to="GIDesign (DesignID)" />
			<link from="GIMassUpdateField (DesignID)" to="GIDesign (DesignID)" />
			<link from="GINavigationScreen (DesignID)" to="GIDesign (DesignID)" />
			<link from="GINavigationParameter (DesignID, NavigationScreenLineNbr)" to="GINavigationScreen (DesignID, LineNbr)" />
			<link from="GIOn (DesignID, RelationNbr)" to="GIRelation (DesignID, LineNbr)" />
			<link from="GIRecordDefault (DesignID)" to="GIDesign (DesignID)" />
			<link from="GIRelation (DesignID, ParentTable)" to="GITable (DesignID, Alias)" />
			<link from="GIRelation (DesignID, ChildTable)" to="GITable (DesignID, Alias)" />
			<link from="GIResult (DesignID)" to="GIDesign (DesignID)" />
			<link from="GIResult (ObjectName, DesignID)" to="GITable (Alias, DesignID)" />
			<link from="GISort (DesignID)" to="GIDesign (DesignID)" />
			<link from="GITable (DesignID)" to="GIDesign (DesignID)" />
			<link from="GIWhere (DesignID)" to="GIDesign (DesignID)" />
			<link from="SiteMap (Url)" to="GIDesign (DesignID)" type="WeakByUrl" linkname="toDesignById" baseurl="~/GenericInquiry/GenericInquiry.aspx" paramnames="id" />
			<link from="SiteMap (Url)" to="GIDesign (Name)" type="WeakByUrl" linkname="toDesignByName" baseurl="~/GenericInquiry/GenericInquiry.aspx" />
			<link from="ListEntryPoint (ListScreenID)" to="SiteMap (ScreenID)" />
			<link from="SiteMap (ScreenID)" to="GIDesign (PrimaryScreenIDNew)" linkname="to1Screen" />
			<link from="SiteMap (NodeID)" to="SiteMap (ParentID)" type="WeakToParent" recursive-nesting="yes" include-parents="False" />
			<link from="FilterHeader (ScreenID)" to="SiteMap (ScreenID)" />
			<link from="FilterRow (FilterID)" to="FilterHeader (FilterID)" />
			<link from="PivotTable (NoteID)" to="FilterHeader (RefNoteID)" />
			<link from="PivotField (ScreenID, PivotTableID)" to="PivotTable (ScreenID, PivotTableID)" />
			<link from="MUIScreen (NodeID)" to="SiteMap (NodeID)" />
			<link from="MUIWorkspace (WorkspaceID)" to="MUIScreen (WorkspaceID)" type="FromMaster" linkname="workspaceToScreen" split-location="yes" updateable="True" />
			<link from="MUISubcategory (SubcategoryID)" to="MUIScreen (SubcategoryID)" type="FromMaster" updateable="True" />
			<link from="MUITile (ScreenID)" to="SiteMap (ScreenID)" />
			<link from="MUIWorkspace (WorkspaceID)" to="MUITile (WorkspaceID)" type="FromMaster" linkname="workspaceToTile" split-location="yes" updateable="True" />
			<link from="MUIArea (AreaID)" to="MUIWorkspace (AreaID)" type="FromMaster" updateable="True" />
			<link from="MUIPinnedScreen (NodeID, WorkspaceID)" to="MUIScreen (NodeID, WorkspaceID)" type="WeakIfEmpty" isEmpty="Username" />
			<link from="MUIFavoriteWorkspace (WorkspaceID)" to="MUIWorkspace (WorkspaceID)" type="WeakIfEmpty" isEmpty="Username" />
			<link from="GIDesign (NoteID)" to="Note (NoteID)" type="Note" />
			<link from="GIFilter (NoteID)" to="Note (NoteID)" type="Note" />
			<link from="GIFilter (NoteID)" to="GIFilterKvExt (RecordID)" type="RowKvExt" />
			<link from="GIGroupBy (NoteID)" to="Note (NoteID)" type="Note" />
			<link from="GIOn (NoteID)" to="Note (NoteID)" type="Note" />
			<link from="GIRelation (NoteID)" to="Note (NoteID)" type="Note" />
			<link from="GIResult (NoteID)" to="Note (NoteID)" type="Note" />
			<link from="GIResult (NoteID)" to="GIResultKvExt (RecordID)" type="RowKvExt" />
			<link from="GISort (NoteID)" to="Note (NoteID)" type="Note" />
			<link from="GITable (NoteID)" to="Note (NoteID)" type="Note" />
			<link from="GIWhere (NoteID)" to="Note (NoteID)" type="Note" />
			<link from="FilterHeader (NoteID)" to="Note (NoteID)" type="Note" />
		</relations>
		<layout>
			<table name="GIDesign">
				<table name="GIFilter" uplink="(DesignID) = (DesignID)">
					<table name="Note" uplink="(NoteID) = (NoteID)" />
					<table name="GIFilterKvExt" uplink="(NoteID) = (RecordID)" />
				</table>
				<table name="GIGroupBy" uplink="(DesignID) = (DesignID)">
					<table name="Note" uplink="(NoteID) = (NoteID)" />
				</table>
				<table name="GIMassAction" uplink="(DesignID) = (DesignID)" />
				<table name="GIMassUpdateField" uplink="(DesignID) = (DesignID)" />
				<table name="GINavigationScreen" uplink="(DesignID) = (DesignID)">
					<table name="GINavigationParameter" uplink="(DesignID, LineNbr) = (DesignID, NavigationScreenLineNbr)" />
				</table>
				<table name="GIRecordDefault" uplink="(DesignID) = (DesignID)" />
				<table name="GISort" uplink="(DesignID) = (DesignID)">
					<table name="Note" uplink="(NoteID) = (NoteID)" />
				</table>
				<table name="GITable" uplink="(DesignID) = (DesignID)">
					<table name="GIRelation" uplink="(DesignID, Alias) = (DesignID, ParentTable)">
						<table name="GIOn" uplink="(DesignID, LineNbr) = (DesignID, RelationNbr)">
							<table name="Note" uplink="(NoteID) = (NoteID)" />
						</table>
						<table name="Note" uplink="(NoteID) = (NoteID)" />
					</table>
					<table name="GIResult" uplink="(Alias, DesignID) = (ObjectName, DesignID)">
						<table name="Note" uplink="(NoteID) = (NoteID)" />
						<table name="GIResultKvExt" uplink="(NoteID) = (RecordID)" />
					</table>
					<table name="Note" uplink="(NoteID) = (NoteID)" />
				</table>
				<table name="GIWhere" uplink="(DesignID) = (DesignID)">
					<table name="Note" uplink="(NoteID) = (NoteID)" />
				</table>
				<table name="SiteMap" uplink="(DesignID) = (Url)" recursion="(NodeID) = (ParentID)" linkname="toDesignById">
					<table name="ListEntryPoint" uplink="(ScreenID) = (ListScreenID)" />
					<table name="FilterHeader" uplink="(ScreenID) = (ScreenID)">
						<table name="FilterRow" uplink="(FilterID) = (FilterID)" />
						<table name="PivotTable" uplink="(RefNoteID) = (NoteID)">
							<table name="PivotField" uplink="(ScreenID, PivotTableID) = (ScreenID, PivotTableID)" />
						</table>
						<table name="Note" uplink="(NoteID) = (NoteID)" />
					</table>
					<table name="MUIScreen" uplink="(NodeID) = (NodeID)">
						<table name="MUIPinnedScreen" uplink="(NodeID, WorkspaceID) = (NodeID, WorkspaceID)" />
					</table>
					<table name="MUITile" uplink="(ScreenID) = (ScreenID)" />
				</table>
				<table name="SiteMap" uplink="(Name) = (Url)" recursion="(NodeID) = (ParentID)" linkname="toDesignByName">
					<table name="ListEntryPoint" uplink="(ScreenID) = (ListScreenID)" />
					<table name="FilterHeader" uplink="(ScreenID) = (ScreenID)">
						<table name="FilterRow" uplink="(FilterID) = (FilterID)" />
						<table name="PivotTable" uplink="(RefNoteID) = (NoteID)">
							<table name="PivotField" uplink="(ScreenID, PivotTableID) = (ScreenID, PivotTableID)" />
						</table>
						<table name="Note" uplink="(NoteID) = (NoteID)" />
					</table>
					<table name="MUIScreen" uplink="(NodeID) = (NodeID)">
						<table name="MUIPinnedScreen" uplink="(NodeID, WorkspaceID) = (NodeID, WorkspaceID)" />
					</table>
					<table name="MUITile" uplink="(ScreenID) = (ScreenID)" />
				</table>
				<table name="SiteMap" uplink="(PrimaryScreenIDNew) = (ScreenID)" recursion="(NodeID) = (ParentID)" linkname="to1Screen">
					<table name="ListEntryPoint" uplink="(ScreenID) = (ListScreenID)" />
					<table name="FilterHeader" uplink="(ScreenID) = (ScreenID)">
						<table name="FilterRow" uplink="(FilterID) = (FilterID)" />
						<table name="PivotTable" uplink="(RefNoteID) = (NoteID)">
							<table name="PivotField" uplink="(ScreenID, PivotTableID) = (ScreenID, PivotTableID)" />
						</table>
						<table name="Note" uplink="(NoteID) = (NoteID)" />
					</table>
					<table name="MUIScreen" uplink="(NodeID) = (NodeID)">
						<table name="MUIPinnedScreen" uplink="(NodeID, WorkspaceID) = (NodeID, WorkspaceID)" />
					</table>
					<table name="MUITile" uplink="(ScreenID) = (ScreenID)" />
				</table>
				<table name="Note" uplink="(NoteID) = (NoteID)" />
			</table>
			<table name="MUIWorkspace">
				<table name="MUIFavoriteWorkspace" uplink="(WorkspaceID) = (WorkspaceID)" />
			</table>
			<table name="MUISubcategory" />
			<table name="MUIArea" />
		</layout>
		<data>
			<GIDesign>
				<row DesignID="5454b112-979d-4e97-8630-a990ca9707ff" Name="Inventory Price Sync" FilterColCount="3" PageSize="0" ExportTop="0" NewRecordCreationEnabled="0" MassDeleteEnabled="0" AutoConfirmDelete="0" MassRecordsUpdateEnabled="0" MassActionsOnRecordsEnabled="0" ExposeViaOData="0" ExposeViaMobile="0">
					<GINavigationScreen ScreenID="IN202500" LineNbr="1" WindowMode="S">
						<GINavigationParameter LineNbr="1" FieldName="InventoryCD" ParameterName="InventoryItem.inventoryCD" IsExpression="0" />
					</GINavigationScreen>
					<GISort LineNbr="1" IsActive="1" DataFieldName="InventoryItem.lastModifiedDateTime" SortOrder="D" />
					<GITable Alias="KCInventoryItem" Name="KNCommerceBasic.KNSIKCInventoryItem">
						<GIResult LineNbr="20" SortOrder="10" IsActive="1" Field="usrKCMaxPrice" IsVisible="1" DefaultNav="1" QuickFilter="0" FastFilter="1" RowID="2aa5184e-29f3-4af9-ab8d-69b57b00a566" />
						<GIResult LineNbr="19" SortOrder="9" IsActive="1" Field="usrKCMinPrice" IsVisible="1" DefaultNav="1" QuickFilter="0" FastFilter="1" RowID="b8f0c78b-a9df-4e83-a46b-3dfe1162d5c2" />
						<GIResult LineNbr="18" SortOrder="8" IsActive="1" Field="usrKCProductMargin" IsVisible="1" DefaultNav="1" QuickFilter="0" FastFilter="1" RowID="f788152b-64f8-4214-a1cf-e937fa44fc7c" />
						<GIResult LineNbr="17" SortOrder="7" IsActive="1" Field="usrKCSecondChanceOfferPrice" IsVisible="1" DefaultNav="1" QuickFilter="0" FastFilter="1" RowID="d6097800-6450-4086-8a2b-bf08eee66d39" />
						<GIResult LineNbr="16" SortOrder="6" IsActive="1" Field="usrKCStorePrice" IsVisible="1" DefaultNav="1" QuickFilter="0" FastFilter="1" RowID="ba736a96-fcc3-4e9c-a3c7-f0b882e39a06" />
						<GIResult LineNbr="15" SortOrder="5" IsActive="1" Field="usrKCReservePrice" IsVisible="1" DefaultNav="1" QuickFilter="0" FastFilter="1" RowID="74151866-afac-4a64-8eef-44ae9b07d4cc" />
						<GIResult LineNbr="14" SortOrder="4" IsActive="1" Field="usrKCStartingPrice" IsVisible="1" DefaultNav="1" QuickFilter="0" FastFilter="1" RowID="7f17a170-9e8b-4bb0-8539-2197736243ad" />
					</GITable>
					<GITable Alias="KCClassificationsMapping" Name="KChannelAdvisor.DAC.KNSIKCClassificationsMapping" />
					<GITable Alias="InventoryItem" Name="PX.Objects.IN.InventoryItem">
						<GIRelation LineNbr="3" ChildTable="ARSalesPrice" IsActive="1" JoinType="L">
							<GIOn LineNbr="3" ParentField="inventoryID" Condition="E " ChildField="inventoryID" Operation="A" />
						</GIRelation>
						<GIRelation LineNbr="2" ChildTable="KCInventoryItem" IsActive="1" JoinType="L">
							<GIOn LineNbr="2" ParentField="inventoryID" Condition="E " ChildField="inventoryID" Operation="A" />
						</GIRelation>
						<GIRelation LineNbr="1" ChildTable="KCClassificationsMapping" IsActive="1" JoinType="L">
							<GIOn LineNbr="1" ParentField="itemClassID" Condition="E " ChildField="itemClassID" Operation="A" />
						</GIRelation>
						<GIResult LineNbr="12" SortOrder="3" IsActive="1" Field="usrKNCPSalesPrice" IsVisible="1" DefaultNav="1" QuickFilter="0" FastFilter="1" RowID="a2b389d0-68c2-481d-9c2a-b5f88e5573a5" />
						<GIResult LineNbr="3" SortOrder="2" IsActive="1" Field="basePrice" IsVisible="1" DefaultNav="1" QuickFilter="0" FastFilter="1" RowID="7c625354-6a51-4387-9f28-36125862f1f4" />
						<GIResult LineNbr="1" SortOrder="1" IsActive="1" Field="inventoryCD" IsVisible="1" DefaultNav="0" NavigationNbr="1" QuickFilter="0" FastFilter="1" RowID="c70891ca-1f88-487d-b698-18191751f631" />
					</GITable>
					<GITable Alias="ARSalesPrice" Name="PX.Objects.AR.ARSalesPrice">
						<GIResult LineNbr="23" SortOrder="13" IsActive="1" Field="recordID" IsVisible="1" DefaultNav="1" QuickFilter="0" FastFilter="1" RowID="da01cd0f-eb87-4adb-ade7-ef2cce473242" />
						<GIResult LineNbr="22" SortOrder="12" IsActive="1" Field="expirationDate" IsVisible="1" DefaultNav="1" QuickFilter="0" FastFilter="0" RowID="ebfb7b6c-fab9-4e2c-96d7-9aaa84456875" />
						<GIResult LineNbr="21" SortOrder="11" IsActive="1" Field="effectiveDate" IsVisible="1" DefaultNav="1" QuickFilter="0" FastFilter="0" RowID="eaa7a3a1-c86c-4a0c-aa80-9e5955401fc1" />
					</GITable>
					<GIWhere LineNbr="5" IsActive="1" OpenBrackets="(        " DataFieldName="ARSalesPrice.priceType" Condition="E " IsExpression="0" Value1="B" CloseBrackets=")        " Operation="A" />
					<GIWhere LineNbr="4" IsActive="1" OpenBrackets="(        " DataFieldName="InventoryItem.itemStatus" Condition="E " IsExpression="0" Value1="AC" CloseBrackets="))       " Operation="O" />
					<GIWhere LineNbr="3" IsActive="1" OpenBrackets="(        " DataFieldName="KCInventoryItem.usrKCCAID" Condition="NN" IsExpression="0" CloseBrackets=")        " Operation="A" />
					<GIWhere LineNbr="2" IsActive="1" OpenBrackets="(        " DataFieldName="KCClassificationsMapping.isMapped" Condition="E " IsExpression="0" Value1="1" CloseBrackets=")        " Operation="A" />
					<GIWhere LineNbr="1" IsActive="1" OpenBrackets="((       " DataFieldName="KCInventoryItem.usrKCActiveOnCa" Condition="E " IsExpression="0" Value1="1" CloseBrackets=")        " Operation="A" />
					<SiteMap linkname="toDesignById">
						<row Position="7847" Title="Inventory Price Sync" Url="~/GenericInquiry/GenericInquiry.aspx?id=5454b112-979d-4e97-8630-a990ca9707ff" Expanded="0" IsFolder="0" ScreenID="GI002289" NodeID="461b93d6-570d-4ab1-b956-fa4417635402" ParentID="5b7b3f4a-4212-4a3a-a8ec-9ead4a936ff3">
							<MUIScreen IsPortal="0" WorkspaceID="bbbbbbbb-bbbb-bbbb-bbbb-bbbbbbbbbbbb" Order="2030" SubcategoryID="98e86774-69e3-41ea-b94f-eb2c7a8426d4" />
							<MUIScreen IsPortal="0" WorkspaceID="e2c3849a-6280-41df-81f3-552b91adfae5" Order="2030" SubcategoryID="98e86774-69e3-41ea-b94f-eb2c7a8426d4">
								<MUIPinnedScreen IsPortal="0" Username="" IsPinned="1" />
							</MUIScreen>
							<SiteMap Position="682" Title="Explore" Expanded="1" IsFolder="0" NodeID="5b7b3f4a-4212-4a3a-a8ec-9ead4a936ff3">
								<SiteMap Position="125" Title="Work Area" Description="main@DataEntryF" Expanded="1" IsFolder="0" NodeID="dbe96dd5-6f22-47a9-9763-c224fc0b48b2">
									<SiteMap Position="515" Title="Inventory" Url="~/Frames/Default.aspx" Expanded="0" IsFolder="0" ScreenID="IN000000" NodeID="c5287576-cb3b-4f96-910b-2cba16a600ad">
										<SiteMap Position="30" Title="Distribution" Url="~/Frames/Default.aspx" Expanded="0" IsFolder="0" ScreenID="DS000000" NodeID="91d578ba-75b6-4fa9-a532-9457a6383a62">
											<SiteMap Position="3" Title="Sitemap Root" Url="~/Frames/Default.aspx" Expanded="0" IsFolder="0" ScreenID="00000000" NodeID="00000000-0000-0000-0000-000000000000">
												<MUIScreen IsPortal="0" WorkspaceID="bbbbbbbb-bbbb-bbbb-bbbb-bbbbbbbbbbbb" Order="64" SubcategoryID="29d8e453-ee74-405d-abe1-930728d1f9ba" />
											</SiteMap>
										</SiteMap>
									</SiteMap>
								</SiteMap>
							</SiteMap>
						</row>
					</SiteMap>
				</row>
			</GIDesign>
			<MUIWorkspace>
				<row IsPortal="1" WorkspaceID="bbbbbbbb-bbbb-bbbb-bbbb-bbbbbbbbbbbb" Order="5" Title="Data Views" Icon="poll" IsSystem="1">
					<MUIFavoriteWorkspace IsPortal="0" Username="" IsFavorite="1" />
				</row>
				<row IsPortal="0" WorkspaceID="bbbbbbbb-bbbb-bbbb-bbbb-bbbbbbbbbbbb" Order="32" Title="Data Views" Icon="poll" IsSystem="1">
					<MUIFavoriteWorkspace IsPortal="0" Username="" IsFavorite="1" />
				</row>
				<row IsPortal="0" WorkspaceID="e2c3849a-6280-41df-81f3-552b91adfae5" Order="216" Title="Sales Orders" Icon="pen_frame" AreaID="62cfd5dc-8eb9-4e92-bbcd-e0a99eb5e5df" ScreenID="WSOM0000" IsSystem="0">
					<MUIFavoriteWorkspace IsPortal="0" Username="" IsFavorite="1" />
				</row>
			</MUIWorkspace>
			<MUISubcategory>
				<row IsPortal="1" SubcategoryID="29d8e453-ee74-405d-abe1-930728d1f9ba" Order="1478" Name="Dashboards" Icon="" IsSystem="1" />
				<row IsPortal="0" SubcategoryID="29d8e453-ee74-405d-abe1-930728d1f9ba" Order="1478" Name="Dashboards" Icon="" IsSystem="1" />
				<row IsPortal="1" SubcategoryID="98e86774-69e3-41ea-b94f-eb2c7a8426d4" Order="896" Name="Inquiries" Icon="" IsSystem="1" />
				<row IsPortal="0" SubcategoryID="98e86774-69e3-41ea-b94f-eb2c7a8426d4" Order="896" Name="Inquiries" Icon="" IsSystem="1" />
			</MUISubcategory>
			<MUIArea>
				<row IsPortal="0" AreaID="62cfd5dc-8eb9-4e92-bbcd-e0a99eb5e5df" Order="20" Name="Operations" />
			</MUIArea>
		</data>
	</data-set>
</GenericInquiryScreen>