<GenericInquiryScreen>
	<data-set>
		<relations format-version="3" relations-version="20181219" main-table="GIDesign">
			<link from="GIFilter (DesignID)" to="GIDesign (DesignID)" />
			<link from="GIGroupBy (DesignID)" to="GIDesign (DesignID)" />
			<link from="GIMassAction (DesignID)" to="GIDesign (DesignID)" />
			<link from="GIMassUpdateField (DesignID)" to="GIDesign (DesignID)" />
			<link from="GINavigationScreen (DesignID)" to="GIDesign (DesignID)" />
			<link from="GINavigationParameter (DesignID, NavigationScreenLineNbr)" to="GINavigationScreen (DesignID, LineNbr)" />
			<link from="GIOn (DesignID, RelationNbr)" to="GIRelation (DesignID, LineNbr)" />
			<link from="GIRecordDefault (DesignID)" to="GIDesign (DesignID)" />
			<link from="GIRelation (DesignID, ParentTable)" to="GITable (DesignID, Alias)" />
			<link from="GIRelation (DesignID, ChildTable)" to="GITable (DesignID, Alias)" />
			<link from="GIResult (DesignID)" to="GIDesign (DesignID)" />
			<link from="GIResult (ObjectName, DesignID)" to="GITable (Alias, DesignID)" />
			<link from="GISort (DesignID)" to="GIDesign (DesignID)" />
			<link from="GITable (DesignID)" to="GIDesign (DesignID)" />
			<link from="GIWhere (DesignID)" to="GIDesign (DesignID)" />
			<link from="SiteMap (Url)" to="GIDesign (DesignID)" type="WeakByUrl" linkname="toDesignById" baseurl="~/GenericInquiry/GenericInquiry.aspx" paramnames="id" />
			<link from="SiteMap (Url)" to="GIDesign (Name)" type="WeakByUrl" linkname="toDesignByName" baseurl="~/GenericInquiry/GenericInquiry.aspx" />
			<link from="ListEntryPoint (ListScreenID)" to="SiteMap (ScreenID)" />
			<link from="SiteMap (ScreenID)" to="GIDesign (PrimaryScreenIDNew)" linkname="to1Screen" />
			<link from="SiteMap (NodeID)" to="SiteMap (ParentID)" type="WeakToParent" recursive-nesting="yes" include-parents="False" />
			<link from="FilterHeader (ScreenID)" to="SiteMap (ScreenID)" />
			<link from="FilterRow (FilterID)" to="FilterHeader (FilterID)" />
			<link from="PivotTable (NoteID)" to="FilterHeader (RefNoteID)" />
			<link from="PivotField (ScreenID, PivotTableID)" to="PivotTable (ScreenID, PivotTableID)" />
			<link from="MUIScreen (NodeID)" to="SiteMap (NodeID)" />
			<link from="MUIWorkspace (WorkspaceID)" to="MUIScreen (WorkspaceID)" type="FromMaster" linkname="workspaceToScreen" split-location="yes" updateable="True" />
			<link from="MUISubcategory (SubcategoryID)" to="MUIScreen (SubcategoryID)" type="FromMaster" updateable="True" />
			<link from="MUITile (ScreenID)" to="SiteMap (ScreenID)" />
			<link from="MUIWorkspace (WorkspaceID)" to="MUITile (WorkspaceID)" type="FromMaster" linkname="workspaceToTile" split-location="yes" updateable="True" />
			<link from="MUIArea (AreaID)" to="MUIWorkspace (AreaID)" type="FromMaster" updateable="True" />
			<link from="MUIPinnedScreen (NodeID, WorkspaceID)" to="MUIScreen (NodeID, WorkspaceID)" type="WeakIfEmpty" isEmpty="Username" />
			<link from="MUIFavoriteWorkspace (WorkspaceID)" to="MUIWorkspace (WorkspaceID)" type="WeakIfEmpty" isEmpty="Username" />
			<link from="GIDesign (NoteID)" to="Note (NoteID)" type="Note" />
			<link from="GIFilter (NoteID)" to="Note (NoteID)" type="Note" />
			<link from="GIFilter (NoteID)" to="GIFilterKvExt (RecordID)" type="RowKvExt" />
			<link from="GIGroupBy (NoteID)" to="Note (NoteID)" type="Note" />
			<link from="GIOn (NoteID)" to="Note (NoteID)" type="Note" />
			<link from="GIRelation (NoteID)" to="Note (NoteID)" type="Note" />
			<link from="GIResult (NoteID)" to="Note (NoteID)" type="Note" />
			<link from="GIResult (NoteID)" to="GIResultKvExt (RecordID)" type="RowKvExt" />
			<link from="GISort (NoteID)" to="Note (NoteID)" type="Note" />
			<link from="GITable (NoteID)" to="Note (NoteID)" type="Note" />
			<link from="GIWhere (NoteID)" to="Note (NoteID)" type="Note" />
			<link from="FilterHeader (NoteID)" to="Note (NoteID)" type="Note" />
		</relations>
		<layout>
			<table name="GIDesign">
				<table name="GIFilter" uplink="(DesignID) = (DesignID)">
					<table name="Note" uplink="(NoteID) = (NoteID)" />
					<table name="GIFilterKvExt" uplink="(NoteID) = (RecordID)" />
				</table>
				<table name="GIGroupBy" uplink="(DesignID) = (DesignID)">
					<table name="Note" uplink="(NoteID) = (NoteID)" />
				</table>
				<table name="GIMassAction" uplink="(DesignID) = (DesignID)" />
				<table name="GIMassUpdateField" uplink="(DesignID) = (DesignID)" />
				<table name="GINavigationScreen" uplink="(DesignID) = (DesignID)">
					<table name="GINavigationParameter" uplink="(DesignID, LineNbr) = (DesignID, NavigationScreenLineNbr)" />
				</table>
				<table name="GIRecordDefault" uplink="(DesignID) = (DesignID)" />
				<table name="GISort" uplink="(DesignID) = (DesignID)">
					<table name="Note" uplink="(NoteID) = (NoteID)" />
				</table>
				<table name="GITable" uplink="(DesignID) = (DesignID)">
					<table name="GIRelation" uplink="(DesignID, Alias) = (DesignID, ParentTable)">
						<table name="GIOn" uplink="(DesignID, LineNbr) = (DesignID, RelationNbr)">
							<table name="Note" uplink="(NoteID) = (NoteID)" />
						</table>
						<table name="Note" uplink="(NoteID) = (NoteID)" />
					</table>
					<table name="GIResult" uplink="(Alias, DesignID) = (ObjectName, DesignID)">
						<table name="Note" uplink="(NoteID) = (NoteID)" />
						<table name="GIResultKvExt" uplink="(NoteID) = (RecordID)" />
					</table>
					<table name="Note" uplink="(NoteID) = (NoteID)" />
				</table>
				<table name="GIWhere" uplink="(DesignID) = (DesignID)">
					<table name="Note" uplink="(NoteID) = (NoteID)" />
				</table>
				<table name="SiteMap" uplink="(DesignID) = (Url)" recursion="(NodeID) = (ParentID)" linkname="toDesignById">
					<table name="ListEntryPoint" uplink="(ScreenID) = (ListScreenID)" />
					<table name="FilterHeader" uplink="(ScreenID) = (ScreenID)">
						<table name="FilterRow" uplink="(FilterID) = (FilterID)" />
						<table name="PivotTable" uplink="(RefNoteID) = (NoteID)">
							<table name="PivotField" uplink="(ScreenID, PivotTableID) = (ScreenID, PivotTableID)" />
						</table>
						<table name="Note" uplink="(NoteID) = (NoteID)" />
					</table>
					<table name="MUIScreen" uplink="(NodeID) = (NodeID)">
						<table name="MUIPinnedScreen" uplink="(NodeID, WorkspaceID) = (NodeID, WorkspaceID)" />
					</table>
					<table name="MUITile" uplink="(ScreenID) = (ScreenID)" />
				</table>
				<table name="SiteMap" uplink="(Name) = (Url)" recursion="(NodeID) = (ParentID)" linkname="toDesignByName">
					<table name="ListEntryPoint" uplink="(ScreenID) = (ListScreenID)" />
					<table name="FilterHeader" uplink="(ScreenID) = (ScreenID)">
						<table name="FilterRow" uplink="(FilterID) = (FilterID)" />
						<table name="PivotTable" uplink="(RefNoteID) = (NoteID)">
							<table name="PivotField" uplink="(ScreenID, PivotTableID) = (ScreenID, PivotTableID)" />
						</table>
						<table name="Note" uplink="(NoteID) = (NoteID)" />
					</table>
					<table name="MUIScreen" uplink="(NodeID) = (NodeID)">
						<table name="MUIPinnedScreen" uplink="(NodeID, WorkspaceID) = (NodeID, WorkspaceID)" />
					</table>
					<table name="MUITile" uplink="(ScreenID) = (ScreenID)" />
				</table>
				<table name="SiteMap" uplink="(PrimaryScreenIDNew) = (ScreenID)" recursion="(NodeID) = (ParentID)" linkname="to1Screen">
					<table name="ListEntryPoint" uplink="(ScreenID) = (ListScreenID)" />
					<table name="FilterHeader" uplink="(ScreenID) = (ScreenID)">
						<table name="FilterRow" uplink="(FilterID) = (FilterID)" />
						<table name="PivotTable" uplink="(RefNoteID) = (NoteID)">
							<table name="PivotField" uplink="(ScreenID, PivotTableID) = (ScreenID, PivotTableID)" />
						</table>
						<table name="Note" uplink="(NoteID) = (NoteID)" />
					</table>
					<table name="MUIScreen" uplink="(NodeID) = (NodeID)">
						<table name="MUIPinnedScreen" uplink="(NodeID, WorkspaceID) = (NodeID, WorkspaceID)" />
					</table>
					<table name="MUITile" uplink="(ScreenID) = (ScreenID)" />
				</table>
				<table name="Note" uplink="(NoteID) = (NoteID)" />
			</table>
			<table name="MUIWorkspace">
				<table name="MUIFavoriteWorkspace" uplink="(WorkspaceID) = (WorkspaceID)" />
			</table>
			<table name="MUISubcategory" />
			<table name="MUIArea" />
		</layout>
		<data>
			<GIDesign>
				<row DesignID="faf08691-cc32-4de2-8684-21890080d00f" Name="Vendor Quantity Sync" FilterColCount="3" PageSize="0" ExportTop="0" NewRecordCreationEnabled="0" MassDeleteEnabled="0" AutoConfirmDelete="0" MassRecordsUpdateEnabled="0" MassActionsOnRecordsEnabled="0" ExposeViaOData="0" ExposeViaMobile="0">
					<GISort LineNbr="1" IsActive="1" DataFieldName="POVendorInventory.lastModifiedDateTime" SortOrder="D" />
					<GITable Alias="POVendorInventory" Name="PX.Objects.PO.POVendorInventory">
						<GIRelation LineNbr="1" ChildTable="InventoryItem" IsActive="1" JoinType="L">
							<GIOn LineNbr="1" ParentField="inventoryID" Condition="E " ChildField="inventoryID" Operation="A" />
						</GIRelation>
						<GIResult LineNbr="12" SortOrder="4" IsActive="1" Field="usrKNCPAvailableForSale" IsVisible="1" DefaultNav="1" QuickFilter="0" FastFilter="1" RowID="549cef05-f9db-4eee-92cc-9475a39edb9e" />
						<GIResult LineNbr="8" SortOrder="2" IsActive="1" Field="usrKNCPQuantityAtVendor" IsVisible="1" DefaultNav="1" QuickFilter="0" FastFilter="1" RowID="62d0a946-5cdc-4f5d-ac6c-1eaa24457d75" />
					</GITable>
					<GITable Alias="KCSiteMaster" Name="KChannelAdvisor.DAC.KCSiteMaster" />
					<GITable Alias="KCInventoryItem" Name="KNCommerceBasic.KNSIKCInventoryItem" />
					<GITable Alias="KCClassificationsMapping" Name="KChannelAdvisor.DAC.KNSIKCClassificationsMapping" />
					<GITable Alias="InventoryItem" Name="PX.Objects.IN.InventoryItem">
						<GIRelation LineNbr="6" ChildTable="KCInventoryItem" IsActive="1" JoinType="L">
							<GIOn LineNbr="5" ParentField="inventoryID" Condition="E " ChildField="inventoryID" Operation="A" />
						</GIRelation>
						<GIRelation LineNbr="5" ChildTable="KCClassificationsMapping" IsActive="1" JoinType="L">
							<GIOn LineNbr="2" ParentField="itemClassID" Condition="E " ChildField="itemClassID" Operation="A" />
						</GIRelation>
						<GIResult LineNbr="11" SortOrder="3" IsActive="1" Field="inventoryID" IsVisible="1" DefaultNav="1" QuickFilter="0" FastFilter="1" RowID="9681104b-1930-4675-b669-a6183abda009" />
						<GIResult LineNbr="1" SortOrder="1" IsActive="1" Field="InventoryCD" IsVisible="1" DefaultNav="1" QuickFilter="0" FastFilter="1" RowID="b41dbe33-4647-437f-8765-5ddbab8c9f7b" />
					</GITable>
					<GITable Alias="Branch" Name="PX.Objects.GL.Branch" />
					<GIWhere LineNbr="5" IsActive="1" OpenBrackets="(        " DataFieldName="InventoryItem.itemStatus" Condition="E " IsExpression="0" Value1="AC" CloseBrackets=")        " Operation="A" />
					<GIWhere LineNbr="4" IsActive="1" OpenBrackets="(        " DataFieldName="InventoryItem.stkItem" Condition="E " IsExpression="0" Value1="1" CloseBrackets=")        " Operation="A" />
					<GIWhere LineNbr="3" IsActive="1" OpenBrackets="(        " DataFieldName="KCInventoryItem.usrKCActiveOnCa" Condition="E " IsExpression="0" Value1="1" CloseBrackets=")        " Operation="A" />
					<GIWhere LineNbr="2" IsActive="1" OpenBrackets="(        " DataFieldName="KCClassificationsMapping.isMapped" Condition="E " IsExpression="0" Value1="1" CloseBrackets=")        " Operation="A" />
					<GIWhere LineNbr="1" IsActive="1" OpenBrackets="(        " DataFieldName="KCInventoryItem.usrKCCAID" Condition="NN" IsExpression="0" CloseBrackets=")        " Operation="A" />
					<SiteMap linkname="toDesignById">
						<row Position="7849" Title="Vendor Quantity Sync" Url="~/GenericInquiry/GenericInquiry.aspx?id=faf08691-cc32-4de2-8684-21890080d00f" Expanded="0" IsFolder="0" ScreenID="GI002288" NodeID="10288db9-7c5d-4b2e-9927-e9c9e17033b8" ParentID="5b7b3f4a-4212-4a3a-a8ec-9ead4a936ff3">
							<MUIScreen IsPortal="0" WorkspaceID="bbbbbbbb-bbbb-bbbb-bbbb-bbbbbbbbbbbb" Order="2050" SubcategoryID="98e86774-69e3-41ea-b94f-eb2c7a8426d4" />
							<MUIScreen IsPortal="0" WorkspaceID="e2c3849a-6280-41df-81f3-552b91adfae5" Order="50" SubcategoryID="98e86774-69e3-41ea-b94f-eb2c7a8426d4">
								<MUIPinnedScreen IsPortal="0" Username="" IsPinned="1" />
							</MUIScreen>
							<SiteMap Position="682" Title="Explore" Expanded="1" IsFolder="0" NodeID="5b7b3f4a-4212-4a3a-a8ec-9ead4a936ff3">
								<SiteMap Position="125" Title="Work Area" Description="main@DataEntryF" Expanded="1" IsFolder="0" NodeID="dbe96dd5-6f22-47a9-9763-c224fc0b48b2">
									<SiteMap Position="515" Title="Inventory" Url="~/Frames/Default.aspx" Expanded="0" IsFolder="0" ScreenID="IN000000" NodeID="c5287576-cb3b-4f96-910b-2cba16a600ad">
										<SiteMap Position="30" Title="Distribution" Url="~/Frames/Default.aspx" Expanded="0" IsFolder="0" ScreenID="DS000000" NodeID="91d578ba-75b6-4fa9-a532-9457a6383a62">
											<SiteMap Position="3" Title="Sitemap Root" Url="~/Frames/Default.aspx" Expanded="0" IsFolder="0" ScreenID="00000000" NodeID="00000000-0000-0000-0000-000000000000">
												<MUIScreen IsPortal="0" WorkspaceID="bbbbbbbb-bbbb-bbbb-bbbb-bbbbbbbbbbbb" Order="64" SubcategoryID="29d8e453-ee74-405d-abe1-930728d1f9ba" />
											</SiteMap>
										</SiteMap>
									</SiteMap>
								</SiteMap>
							</SiteMap>
						</row>
					</SiteMap>
				</row>
			</GIDesign>
			<MUIWorkspace>
				<row IsPortal="1" WorkspaceID="bbbbbbbb-bbbb-bbbb-bbbb-bbbbbbbbbbbb" Order="5" Title="Data Views" Icon="poll" IsSystem="1">
					<MUIFavoriteWorkspace IsPortal="0" Username="" IsFavorite="1" />
				</row>
				<row IsPortal="0" WorkspaceID="bbbbbbbb-bbbb-bbbb-bbbb-bbbbbbbbbbbb" Order="32" Title="Data Views" Icon="poll" IsSystem="1">
					<MUIFavoriteWorkspace IsPortal="0" Username="" IsFavorite="1" />
				</row>
				<row IsPortal="0" WorkspaceID="e2c3849a-6280-41df-81f3-552b91adfae5" Order="216" Title="Sales Orders" Icon="pen_frame" AreaID="62cfd5dc-8eb9-4e92-bbcd-e0a99eb5e5df" ScreenID="WSOM0000" IsSystem="0">
					<MUIFavoriteWorkspace IsPortal="0" Username="" IsFavorite="1" />
				</row>
			</MUIWorkspace>
			<MUISubcategory>
				<row IsPortal="1" SubcategoryID="29d8e453-ee74-405d-abe1-930728d1f9ba" Order="1478" Name="Dashboards" Icon="" IsSystem="1" />
				<row IsPortal="0" SubcategoryID="29d8e453-ee74-405d-abe1-930728d1f9ba" Order="1478" Name="Dashboards" Icon="" IsSystem="1" />
				<row IsPortal="1" SubcategoryID="98e86774-69e3-41ea-b94f-eb2c7a8426d4" Order="896" Name="Inquiries" Icon="" IsSystem="1" />
				<row IsPortal="0" SubcategoryID="98e86774-69e3-41ea-b94f-eb2c7a8426d4" Order="896" Name="Inquiries" Icon="" IsSystem="1" />
			</MUISubcategory>
			<MUIArea>
				<row IsPortal="0" AreaID="62cfd5dc-8eb9-4e92-bbcd-e0a99eb5e5df" Order="20" Name="Operations" />
			</MUIArea>
		</data>
	</data-set>
</GenericInquiryScreen>