<Table TableName="KCAcumaticaMappingField">
	<Column TableName="KCAcumaticaMappingField" ColumnName="NoteID" ColumnType="guid" AllowNull="True" DecimalPrecision="0" DecimalLength="0" IsNewColumn="True" IsUnicode="True" />
	<Column TableName="KCAcumaticaMappingField" ColumnName="CreatedByID" ColumnType="guid" AllowNull="True" DecimalPrecision="0" DecimalLength="0" IsNewColumn="True" IsUnicode="True" />
	<Column TableName="KCAcumaticaMappingField" ColumnName="CreatedDateTime" ColumnType="date" AllowNull="True" DecimalPrecision="0" DecimalLength="0" IsNewColumn="True" IsUnicode="True" />
	<Column TableName="KCAcumaticaMappingField" ColumnName="LastModifiedByID" ColumnType="guid" AllowNull="True" DecimalPrecision="0" DecimalLength="0" IsNewColumn="True" IsUnicode="True" />
	<Column TableName="KCAcumaticaMappingField" ColumnName="LastModifiedDateTime" ColumnType="date" AllowNull="True" DecimalPrecision="0" DecimalLength="0" IsNewColumn="True" IsUnicode="True" />
	<Column TableName="KCAcumaticaMappingField" ColumnName="Tstamp" ColumnType="Timestamp" AllowNull="True" DecimalPrecision="0" DecimalLength="0" IsNewColumn="True" IsUnicode="True" />
	<Column TableName="KCAcumaticaMappingField" ColumnName="LastModifiedByScreenID" ColumnType="string" AllowNull="True" MaxLength="8" DecimalPrecision="0" DecimalLength="0" IsNewColumn="True" IsUnicode="True" />
	<Column TableName="KCAcumaticaMappingField" ColumnName="CreatedByScreenID" ColumnType="string" AllowNull="True" MaxLength="8" DecimalPrecision="0" DecimalLength="0" IsNewColumn="True" IsUnicode="True" />
</Table>