<Table TableName="KCMarketplaceManagement">
	<Column TableName="KCMarketplaceManagement" ColumnName="NoteID" ColumnType="guid" AllowNull="True" DecimalPrecision="0" DecimalLength="0" IsNewColumn="True" IsUnicode="True" />
	<Column TableName="KCMarketplaceManagement" ColumnName="CreatedByID" ColumnType="guid" AllowNull="True" DecimalPrecision="0" DecimalLength="0" IsNewColumn="True" IsUnicode="True" />
	<Column TableName="KCMarketplaceManagement" ColumnName="CreatedByScreenID" ColumnType="string" AllowNull="True" MaxLength="8" DecimalPrecision="0" DecimalLength="0" IsNewColumn="True" IsUnicode="True" />
	<Column TableName="KCMarketplaceManagement" ColumnName="CreatedDateTime" ColumnType="date" AllowNull="True" DecimalPrecision="0" DecimalLength="0" IsNewColumn="True" IsUnicode="True" />
	<Column TableName="KCMarketplaceManagement" ColumnName="LastModifiedByID" ColumnType="guid" AllowNull="True" DecimalPrecision="0" DecimalLength="0" IsNewColumn="True" IsUnicode="True" />
	<Column TableName="KCMarketplaceManagement" ColumnName="LastModifiedByScreenID" ColumnType="string" AllowNull="True" MaxLength="8" DecimalPrecision="0" DecimalLength="0" IsNewColumn="True" IsUnicode="True" />
	<Column TableName="KCMarketplaceManagement" ColumnName="Tstamp" ColumnType="Timestamp" AllowNull="True" DecimalPrecision="0" DecimalLength="0" IsNewColumn="True" IsUnicode="True" />
	<Column TableName="KCMarketplaceManagement" ColumnName="LastModifiedDateTime" ColumnType="date" AllowNull="True" DecimalPrecision="0" DecimalLength="0" IsNewColumn="True" IsUnicode="True" />
</Table>