<Table TableName="KCMapping">
	<Column TableName="KCMapping" ColumnName="NoteID" ColumnType="guid" AllowNull="True" DecimalPrecision="0" DecimalLength="0" IsNewColumn="True" IsUnicode="True" />
	<Column TableName="KCMapping" ColumnName="CreatedByID" ColumnType="guid" AllowNull="True" DecimalPrecision="0" DecimalLength="0" IsNewColumn="True" IsUnicode="True" />
	<Column TableName="KCMapping" ColumnName="CreatedByScreenID" ColumnType="string" AllowNull="True" MaxLength="8" DecimalPrecision="0" DecimalLength="0" IsNewColumn="True" IsUnicode="True" />
	<Column TableName="KCMapping" ColumnName="CreatedDateTime" ColumnType="date" AllowNull="True" DecimalPrecision="0" DecimalLength="0" IsNewColumn="True" IsUnicode="True" />
	<Column TableName="KCMapping" ColumnName="LastModifiedByID" ColumnType="guid" AllowNull="True" DecimalPrecision="0" DecimalLength="0" IsNewColumn="True" IsUnicode="True" />
	<Column TableName="KCMapping" ColumnName="LastModifiedByScreenID" ColumnType="string" AllowNull="True" MaxLength="8" DecimalPrecision="0" DecimalLength="0" IsNewColumn="True" IsUnicode="True" />
	<Column TableName="KCMapping" ColumnName="Tstamp" ColumnType="Timestamp" AllowNull="True" DecimalPrecision="0" DecimalLength="0" IsNewColumn="True" IsUnicode="True" />
	<Column TableName="KCMapping" ColumnName="LastModifiedDateTime" ColumnType="date" AllowNull="True" DecimalPrecision="0" DecimalLength="0" IsNewColumn="True" IsUnicode="True" />
</Table>