<Sql TableName="KCDistributionCenter" TableSchemaXml="#CDATA">
	<CDATA name="TableSchemaXml"><![CDATA[<table name="KCDistributionCenter">
  <col name="CompanyID" type="Int" default="Zero" />
  <col name="DistributionCenterID" type="Int" />
  <col name="DistributionCenterName" type="NVarChar(50)" nullable="true" />
  <col name="Code" type="NVarChar(255)" />
  <index name="PK_KCDistributionCenter" clustered="true" primary="true" unique="true">
    <col name="CompanyID" />
    <col name="DistributionCenterID" />
  </index>
</table>]]></CDATA>
</Sql>