<Sql TableName="KCCrossReferenceMapping" TableSchemaXml="#CDATA">
	<CDATA name="TableSchemaXml"><![CDATA[<table name="KCCrossReferenceMapping">
  <col name="CompanyID" type="Int" default="Zero" />
  <col name="MappingID" type="Int" identity="true" />
  <col name="CAFieldReference" type="NVarChar(250)" />
  <col name="SearchType" type="NVarChar(50)" nullable="true" />
  <col name="SearchText" type="NVarChar(250)" nullable="true" />
  <col name="CAAttributeID" type="Int" nullable="true" />
  <col name="CreatedDateTime" type="DateTime" />
  <col name="LastModifiedDateTime" type="DateTime" />
  <index name="PK_KCCrossReferenceMapping" clustered="true" primary="true" unique="true">
    <col name="CompanyID" />
    <col name="MappingID" />
  </index>
</table>]]></CDATA>
</Sql>