<Sql TableName="KCInventoryManagement" TableSchemaXml="#CDATA">
	<CDATA name="TableSchemaXml"><![CDATA[<table name="KCInventoryManagement">
  <col name="CompanyID" type="Int" default="Zero" />
  <col name="DistributionCenterID" type="Int" />
  <col name="SiteID" type="NVarChar(50)" nullable="true" />
  <col name="IncludeVendor" type="Bit" nullable="true" />
  <col name="IsMapped" type="Bit" nullable="true" />
  <col name="LastModifiedDateTime" type="DateTime" />
  <index name="PK_KCInventoryManagement" clustered="true" primary="true" unique="true">
    <col name="CompanyID" />
    <col name="DistributionCenterID" />
  </index>
</table>]]></CDATA>
</Sql>