<Sql TableName="KCMarketplace" TableSchemaXml="#CDATA">
	<CDATA name="TableSchemaXml"><![CDATA[<table name="KCMarketplace">
  <col name="MarketplaceId" type="Int" identity="true" />
  <col name="CompanyID" type="Int" default="Zero" />
  <col name="MarketplaceName" type="NVarChar(50)" nullable="true" />
  <col name="NoteID" type="UniqueIdentifier" nullable="true" />
  <col name="CreatedByID" type="UniqueIdentifier" nullable="true" />
  <col name="CreatedByScreenID" type="Char(8)" nullable="true" />
  <col name="CreatedDateTime" type="DateTime" nullable="true" />
  <col name="LastModifiedByID" type="UniqueIdentifier" nullable="true" />
  <col name="LastModifiedByScreenID" type="Char(8)" nullable="true" />
  <col name="LastModifiedDateTime" type="DateTime" nullable="true" />
  <col name="tstamp" type="Timestamp" />
  <index name="PK_KCMarketplace" clustered="true" primary="true" unique="true">
    <col name="MarketplaceId" />
    <col name="CompanyID" />
  </index>
</table>]]></CDATA>
</Sql>