<Sql TableName="KCAttribute" TableSchemaXml="#CDATA">
	<CDATA name="TableSchemaXml"><![CDATA[<table name="KCAttribute">
  <col name="CompanyID" type="Int" default="Zero" />
  <col name="AttributeID" type="Int" identity="true" />
  <col name="AttributeName" type="NVarChar(50)" />
  <col name="AttributeType" type="NVarChar(30)" />
  <col name="NoteID" type="UniqueIdentifier" nullable="true" />
  <col name="CreatedByID" type="UniqueIdentifier" nullable="true" />
  <col name="CreatedByScreenID" type="Char(8)" nullable="true" />
  <col name="CreatedDateTime" type="DateTime" nullable="true" />
  <col name="LastModifiedByID" type="UniqueIdentifier" nullable="true" />
  <col name="LastModifiedByScreenID" type="Char(8)" nullable="true" />
  <col name="LastModifiedDateTime" type="DateTime" nullable="true" />
  <col name="tstamp" type="Timestamp" />
  <index name="PK_KCAttribute" clustered="true" primary="true" unique="true">
    <col name="CompanyID" />
    <col name="AttributeID" />
  </index>
</table>]]></CDATA>
</Sql>