<Sql TableName="KCPaymentMethodsMapping" TableSchemaXml="#CDATA">
	<CDATA name="TableSchemaXml"><![CDATA[<table name="KCPaymentMethodsMapping">
  <col name="CompanyID" type="Int" default="Zero" />
  <col name="MappingID" type="Int" identity="true" />
  <col name="APaymentMethodID" type="NVarChar(10)" nullable="true" />
  <col name="CAPaymentMethodID" type="NVarChar(30)" nullable="true" />
  <col name="IsMapped" type="Bit" nullable="true" />
  <col name="LastModifiedDateTime" type="DateTime" nullable="true" />
  <index name="PK_KCPaymentMethodsMapping" clustered="true" primary="true" unique="true">
    <col name="CompanyID" />
    <col name="MappingID" />
  </index>
</table>]]></CDATA>
</Sql>