<Sql TableName="KCSiteMaster" TableSchemaXml="#CDATA">
	<CDATA name="TableSchemaXml"><![CDATA[<table name="KCSiteMaster">
  <col name="CompanyID" type="Int" default="Zero" />
  <col name="SiteMasterCD" type="NVarChar(30)" />
  <col name="AccountId" type="NVarChar(50)" />
  <col name="Descr" type="NVarChar(255)" nullable="true" />
  <col name="CreatedByID" type="UniqueIdentifier" />
  <col name="CreatedByScreenID" type="Char(8)" />
  <col name="CreatedDateTime" type="DateTime" />
  <col name="LastModifiedByID" type="UniqueIdentifier" />
  <col name="LastModifiedByScreenID" type="Char(8)" />
  <col name="LastModifiedDateTime" type="DateTime" />
  <col name="tstamp" type="Timestamp" />
  <col name="ProfileId" type="Int" />
  <col name="DevKey" type="NVarChar(200)" />
  <col name="DevPassword" type="NVarChar(1000)" />
  <col name="DevConfirmPassword" type="NVarChar(1000)" />
  <col name="RefreshToken" type="NVarChar(500)" nullable="true" />
  <col name="ApplicationId" type="NVarChar(250)" nullable="true" />
  <col name="SharedSecret" type="NVarChar(250)" nullable="true" />
  <col name="Mode" type="Int" />
  <col name="FTPBatchMode" type="Bit" nullable="true" />
  <col name="FTPHostname" type="NVarChar(150)" nullable="true" />
  <col name="FTPUsername" type="NVarChar(50)" nullable="true" />
  <col name="FTPPassword" type="NVarChar(1000)" nullable="true" />
  <col name="FTPConfirmPassword" type="NVarChar(1000)" nullable="true" />
  <col name="FTPInputDirectory" type="NVarChar(50)" nullable="true" />
  <col name="InventoryTrackingRule" type="NVarChar(100)" nullable="true" />
  <col name="IncludeVendorInventory" type="Bit" nullable="true" />
  <col name="DefaultDistributionCenterID" type="Int" nullable="true" />
  <col name="BranchID" type="Int" nullable="true" />
  <col name="CustomerClassID" type="NVarChar(50)" nullable="true" />
  <col name="MessageQueueThresholdValue" type="Int" nullable="true" />
  <col name="DefaultShippingMethod" type="NVarChar(50)" nullable="true" />
  <col name="DefaultBox" type="NVarChar(50)" nullable="true" />
  <col name="SiteID" type="Int" nullable="true" />
  <col name="SOOrderType" type="Char(2)" />
  <col name="TaxZone" type="NVarChar(50)" nullable="true" />
  <col name="ApiResponse" type="NVarChar(4000)" nullable="true" />
  <col name="BaseUrl" type="NVarChar(4000)" nullable="true" />
  <col name="ChacheControlHeader" type="NVarChar(4000)" nullable="true" />
  <col name="EndpointAddressValueInventory" type="NVarChar(4000)" nullable="true" />
  <col name="EndpointAddressValueShipment" type="NVarChar(4000)" nullable="true" />
  <col name="Envelop" type="NVarChar(4000)" nullable="true" />
  <col name="IsImportTax" type="NVarChar(1)" nullable="true" />
  <col name="SoapCaptionHeader" type="NVarChar(4000)" nullable="true" />
  <col name="Webservices" type="NVarChar(4000)" nullable="true" />
  <col name="IsFBAInvoice" type="Bit" nullable="true" />
  <col name="NoteID" type="UniqueIdentifier" nullable="true" />
  <index name="PK_KCSiteMaster" clustered="true" primary="true" unique="true">
    <col name="CompanyID" />
    <col name="SiteMasterCD" />
    <col name="AccountId" />
  </index>
</table>]]></CDATA>
</Sql>