<Sql TableName="KCDistributionCenter" TableSchemaXml="#CDATA">
	<CDATA name="TableSchemaXml"><![CDATA[<table name="KCDistributionCenter">
  <col name="CompanyID" type="Int" default="Zero" />
  <col name="DistributionCenterID" type="Int" />
  <col name="DistributionCenterName" type="NVarChar(50)" nullable="true" />
  <col name="Code" type="NVarChar(255)" />
  <col name="NoteID" type="UniqueIdentifier" nullable="true" />
  <col name="CreatedByID" type="UniqueIdentifier" nullable="true" />
  <col name="CreatedByScreenID" type="Char(8)" nullable="true" />
  <col name="CreatedDateTime" type="DateTime" nullable="true" />
  <col name="LastModifiedByID" type="UniqueIdentifier" nullable="true" />
  <col name="LastModifiedDateTime" type="DateTime" nullable="true" />
  <col name="LastModifiedByScreenID" type="Char(8)" nullable="true" />
  <col name="tstamp" type="Timestamp" />
  <index name="PK_KCDistributionCenter" clustered="true" primary="true" unique="true">
    <col name="CompanyID" />
    <col name="DistributionCenterID" />
  </index>
</table>]]></CDATA>
</Sql>