<Sql TableName="KCMarketplaceManagement" TableSchemaXml="#CDATA">
	<CDATA name="TableSchemaXml"><![CDATA[<table name="KCMarketplaceManagement">
  <col name="CompanyID" type="Int" default="Zero" />
  <col name="MarketplaceId" type="Int" />
  <col name="Descr" type="NVarChar(50)" nullable="true" />
  <col name="SOOrderType" type="Char(2)" nullable="true" />
  <col name="UseDefTaxZone" type="Bit" nullable="true" />
  <col name="TaxZone" type="NVarChar(50)" nullable="true" />
  <col name="NoteID" type="UniqueIdentifier" nullable="true" />
  <col name="CreatedByID" type="UniqueIdentifier" nullable="true" />
  <col name="CreatedByScreenID" type="Char(8)" nullable="true" />
  <col name="CreatedDateTime" type="DateTime" nullable="true" />
  <col name="LastModifiedDateTime" type="DateTime" nullable="true" />
  <col name="LastModifiedByID" type="UniqueIdentifier" nullable="true" />
  <col name="LastModifiedByScreenID" type="Char(8)" nullable="true" />
  <col name="tstamp" type="Timestamp" />
  <index name="PK_KCMarketplaceManagement" clustered="true" primary="true" unique="true">
    <col name="MarketplaceId" />
    <col name="CompanyID" />
  </index>
</table>]]></CDATA>
</Sql>