<Sql TableName="KCSiteAssociation" TableSchemaXml="#CDATA">
	<CDATA name="TableSchemaXml"><![CDATA[<table name="KCSiteAssociation">
  <col name="CompanyID" type="Int" default="Zero" />
  <col name="PreferenceId" type="Int" identity="true" />
  <col name="SiteMasterId" type="NVarChar(30)" nullable="true" />
  <col name="IsCompanyLink" type="Bit" nullable="true" />
  <col name="IsBranchLink" type="Bit" nullable="true" />
  <col name="CreatedByID" type="UniqueIdentifier" />
  <col name="CreatedByScreenID" type="Char(8)" />
  <col name="CreatedDateTime" type="DateTime" />
  <col name="LastModifiedByID" type="UniqueIdentifier" />
  <col name="LastModifiedByScreenID" type="Char(8)" />
  <col name="LastModifiedDateTime" type="DateTime" />
  <col name="tstamp" type="Timestamp" />
  <col name="NoteID" type="UniqueIdentifier" nullable="true" />
  <index name="PK_KCSiteAssociation" clustered="true" primary="true" unique="true">
    <col name="CompanyID" />
    <col name="PreferenceId" />
  </index>
</table>]]></CDATA>
</Sql>