<Sql TableName="KCTaxManagement" TableSchemaXml="#CDATA">
	<CDATA name="TableSchemaXml"><![CDATA[<table name="KCTaxManagement">
  <col name="TaxManagementId" type="Int" identity="true" />
  <col name="CompanyID" type="Int" default="Zero" />
  <col name="CountryId" type="NVarChar(2)" nullable="true" />
  <col name="StateId" type="NVarChar(50)" nullable="true" />
  <col name="TaxZoneId" type="NVarChar(50)" nullable="true" />
  <col name="TaxCategoryID" type="NVarChar(10)" nullable="true" />
  <col name="MarketplaceId" type="Int" nullable="true" />
  <col name="UseDefTaxZone" type="Bit" nullable="true" />
  <col name="NoteID" type="UniqueIdentifier" nullable="true" />
  <col name="CreatedByID" type="UniqueIdentifier" nullable="true" />
  <col name="CreatedByScreenID" type="Char(8)" nullable="true" />
  <col name="CreatedDateTime" type="DateTime" nullable="true" />
  <col name="LastModifiedByID" type="UniqueIdentifier" nullable="true" />
  <col name="LastModifiedByScreenID" type="Char(8)" nullable="true" />
  <col name="LastModifiedDateTime" type="DateTime" nullable="true" />
  <col name="tstamp" type="Timestamp" />
  <index name="PK_KCTaxManagement" clustered="true" primary="true" unique="true">
    <col name="TaxManagementId" />
    <col name="CompanyID" />
  </index>
</table>]]></CDATA>
</Sql>