<Sql TableName="KCTaxManagement" TableSchemaXml="#CDATA">
	<CDATA name="TableSchemaXml"><![CDATA[<table name="KCTaxManagement">
  <col name="TaxManagementId" type="Int" identity="true" />
  <col name="CountryId" type="NVarChar(2)" nullable="true" />
  <col name="StateId" type="NVarChar(50)" nullable="true" />
  <col name="TaxZoneId" type="NVarChar(50)" nullable="true" />
  <col name="TaxCategoryID" type="NVarChar(10)" nullable="true" />
  <col name="MarketplaceId" type="Int" nullable="true" />
  <index name="PK_KCTaxManagement" clustered="true" primary="true" unique="true">
    <col name="TaxManagementId" />
  </index>
</table>]]></CDATA>
</Sql>