<Sql TableName="KCLog" TableSchemaXml="#CDATA">
	<CDATA name="TableSchemaXml"><![CDATA[<table name="KCLog">
  <col name="CompanyID" type="Int" default="Zero" />
  <col name="LogId" type="Int" identity="true" />
  <col name="RequestId" type="Int" />
  <col name="EntityType" type="NVarChar(30)" />
  <col name="ActionName" type="NVarChar(15)" />
  <col name="EntityId" type="NVarChar(255)" nullable="true" />
  <col name="ParentEntityId" type="NVarChar(255)" nullable="true" />
  <col name="Level" type="NVarChar(20)" />
  <col name="Description" type="NVarChar(1000)" />
  <col name="tstamp" type="Timestamp" />
  <col name="CreatedByID" type="UniqueIdentifier" />
  <col name="CreatedByScreenID" type="Char(8)" />
  <col name="CreatedDateTime" type="DateTime" />
  <col name="LastModifiedByID" type="UniqueIdentifier" />
  <col name="LastModifiedByScreenID" type="Char(8)" />
  <col name="LastModifiedDateTime" type="DateTime" />
  <col name="NoteID" type="UniqueIdentifier" nullable="true" />
  <index name="KCLog_PK" clustered="true" primary="true" unique="true">
    <col name="CompanyID" />
    <col name="LogId" />
  </index>
</table>]]></CDATA>
</Sql>