<Sql TableName="KCImagePlacement" TableSchemaXml="#CDATA">
	<CDATA name="TableSchemaXml"><![CDATA[<table name="KCImagePlacement">
  <col name="CompanyID" type="Int" default="Zero" />
  <col name="MappingID" type="Int" identity="true" />
  <col name="AttributeID" type="NVarChar(50)" />
  <col name="ImagePlacement" type="NVarChar(50)" nullable="true" />
  <col name="IsMapped" type="Bit" nullable="true" />
  <col name="LastModifiedDateTime" type="DateTime" />
  <index name="PK_KCImagePlacements" clustered="true" primary="true" unique="true">
    <col name="CompanyID" />
    <col name="MappingID" />
  </index>
</table>]]></CDATA>
</Sql>