<Sql TableName="KCChannelAdvisorMappingField" TableSchemaXml="#CDATA">
	<CDATA name="TableSchemaXml"><![CDATA[<table name="KCChannelAdvisorMappingField">
  <col name="CompanyID" type="Int" default="Zero" />
  <col name="Id" type="Int" identity="true" />
  <col name="FieldHash" type="NVarChar(50)" />
  <col name="EntityType" type="NVarChar(25)" />
  <col name="FieldName" type="NVarChar(50)" />
  <index name="KCChannelAdvisorMappingField_PK" clustered="true" primary="true" unique="true">
    <col name="CompanyID" />
    <col name="Id" />
  </index>
</table>]]></CDATA>
</Sql>