<Sql TableName="KCChannelAdvisorMappingField" TableSchemaXml="#CDATA">
	<CDATA name="TableSchemaXml"><![CDATA[<table name="KCChannelAdvisorMappingField">
  <col name="CompanyID" type="Int" default="Zero" />
  <col name="Id" type="Int" identity="true" />
  <col name="FieldHash" type="NVarChar(50)" />
  <col name="EntityType" type="NVarChar(50)" />
  <col name="FieldName" type="NVarChar(50)" />
  <col name="NoteID" type="UniqueIdentifier" nullable="true" />
  <col name="CreatedByID" type="UniqueIdentifier" nullable="true" />
  <col name="CreatedByScreenID" type="Char(8)" nullable="true" />
  <col name="CreatedDateTime" type="DateTime" nullable="true" />
  <col name="LastModifiedByID" type="UniqueIdentifier" nullable="true" />
  <col name="LastModifiedByScreenID" type="Char(8)" nullable="true" />
  <col name="LastModifiedDateTime" type="DateTime" nullable="true" />
  <col name="tstamp" type="Timestamp" />
  <index name="KCChannelAdvisorMappingField_PK" clustered="true" primary="true" unique="true">
    <col name="CompanyID" />
    <col name="Id" />
  </index>
</table>]]></CDATA>
</Sql>