<Sql TableName="KCMarketplaceManagement" TableSchemaXml="#CDATA">
	<CDATA name="TableSchemaXml"><![CDATA[<table name="KCMarketplaceManagement">
  <col name="MarketplaceId" type="Int" />
  <col name="Descr" type="NVarChar(50)" nullable="true" />
  <col name="SOOrderType" type="Char(2)" nullable="true" />
  <col name="UseDefTaxZone" type="Bit" nullable="true" />
  <col name="TaxZone" type="NVarChar(50)" nullable="true" />
  <index name="PK_KCMarketplaceManagement" clustered="true" primary="true" unique="true">
    <col name="MarketplaceId" />
  </index>
</table>]]></CDATA>
</Sql>