<Sql TableName="KCAttributesMapping" TableSchemaXml="#CDATA">
	<CDATA name="TableSchemaXml"><![CDATA[<table name="KCAttributesMapping">
  <col name="CompanyID" type="Int" default="Zero" />
  <col name="AAttributeName" type="NVarChar(30)" />
  <col name="CAAttributeID" type="Int" nullable="true" />
  <col name="IsMapped" type="Bit" nullable="true" />
  <col name="LastModifiedDateTime" type="DateTime" />
  <index name="PK_KCAttributesMapping" clustered="true" primary="true" unique="true">
    <col name="CompanyID" />
    <col name="AAttributeName" />
  </index>
</table>]]></CDATA>
</Sql>