<Sql TableName="KCMSMQInitializationProperty" TableSchemaXml="#CDATA">
	<CDATA name="TableSchemaXml"><![CDATA[<table name="KCMSMQInitializationProperty">
  <col name="CompanyID" type="Int" default="Zero" />
  <col name="PropertyID" type="Int" identity="true" />
  <col name="Activity" type="NVarChar(50)" />
  <col name="CreatedDateTime" type="DateTime" />
  <col name="Comment" type="NVarChar(300)" />
  <col name="LastModifiedDateTime" type="DateTime" nullable="true" />
  <col name="NoteID" type="UniqueIdentifier" nullable="true" />
  <col name="CreatedByID" type="UniqueIdentifier" nullable="true" />
  <col name="CreatedByScreenID" type="Char(8)" nullable="true" />
  <col name="LastModifiedByID" type="UniqueIdentifier" nullable="true" />
  <col name="LastModifiedByScreenID" type="Char(8)" nullable="true" />
  <col name="tstamp" type="Timestamp" />
  <index name="PK_KCMSMQInitializationProperty" clustered="true" primary="true" unique="true">
    <col name="CompanyID" />
    <col name="PropertyID" />
  </index>
</table>]]></CDATA>
</Sql>