<Sql TableName="KCAttribute" TableSchemaXml="#CDATA">
	<CDATA name="TableSchemaXml"><![CDATA[<table name="KCAttribute">
  <col name="CompanyID" type="Int" default="Zero" />
  <col name="AttributeID" type="Int" identity="true" />
  <col name="AttributeName" type="NVarChar(50)" />
  <col name="AttributeType" type="NVarChar(30)" />
  <index name="PK_KCAttribute" clustered="true" primary="true" unique="true">
    <col name="CompanyID" />
    <col name="AttributeID" />
  </index>
</table>]]></CDATA>
</Sql>